glyph_name,sort_final,sort_design,usv
.notdef,0,20000,
.null,1,20001,
nonmarkingreturn,2,20002,
space,3,20003,0020
exclam,4,20004,0021
quotedbl,5,20005,0022
numbersign,6,20006,0023
dollar,7,20007,0024
percent,8,20008,0025
ampersand,9,20009,0026
quotesingle,10,20010,0027
parenleft,11,20011,0028
parenright,12,20012,0029
asterisk,13,20013,002A
plus,14,20014,002B
comma,15,20015,002C
hyphen,16,20016,002D
period,17,20017,002E
slash,18,20018,002F
zero,19,20019,0030
one,20,20020,0031
two,21,20021,0032
three,22,20022,0033
four,23,20023,0034
five,24,20024,0035
six,25,20025,0036
seven,26,20026,0037
eight,27,20027,0038
nine,28,20028,0039
colon,29,20029,003A
semicolon,30,20030,003B
less,31,20031,003C
equal,32,20032,003D
greater,33,20033,003E
question,34,20034,003F
at,35,20035,0040
A,36,20036,0041
B,37,20037,0042
C,38,20038,0043
D,39,20039,0044
E,40,20040,0045
F,41,20041,0046
G,42,20042,0047
H,43,20043,0048
I,44,20044,0049
J,45,20045,004A
K,46,20046,004B
L,47,20047,004C
M,48,20048,004D
N,49,20049,004E
O,50,20050,004F
P,51,20051,0050
Q,52,20052,0051
R,53,20053,0052
S,54,20054,0053
T,55,20055,0054
U,56,20056,0055
V,57,20057,0056
W,58,20058,0057
X,59,20059,0058
Y,60,20060,0059
Z,61,20061,005A
bracketleft,62,20062,005B
backslash,63,20063,005C
bracketright,64,20064,005D
asciicircum,65,20065,005E
underscore,66,20066,005F
grave,67,20067,0060
a,68,20068,0061
b,69,20069,0062
c,70,20070,0063
d,71,20071,0064
e,72,20072,0065
f,73,20073,0066
g,74,20074,0067
h,75,20075,0068
i,76,20076,0069
j,77,20077,006A
k,78,20078,006B
l,79,20079,006C
m,80,20080,006D
n,81,20081,006E
o,82,20082,006F
p,83,20083,0070
q,84,20084,0071
r,85,20085,0072
s,86,20086,0073
t,87,20087,0074
u,88,20088,0075
v,89,20089,0076
w,90,20090,0077
x,91,20091,0078
y,92,20092,0079
z,93,20093,007A
braceleft,94,20094,007B
bar,95,20095,007C
braceright,96,20096,007D
asciitilde,97,20097,007E
uni00A0,98,20098,00A0
exclamdown,99,20099,00A1
cent,100,20100,00A2
sterling,101,20101,00A3
currency,102,20102,00A4
yen,103,20103,00A5
brokenbar,104,20104,00A6
section,105,20105,00A7
dieresis,106,20106,00A8
copyright,107,20107,00A9
ordfeminine,108,20108,00AA
guillemotleft,109,20109,00AB
logicalnot,110,20110,00AC
uni00AD,111,20111,00AD
registered,112,20112,00AE
macron,113,20113,00AF
degree,114,20114,00B0
plusminus,115,20115,00B1
uni00B2,116,20116,00B2
uni00B3,117,20117,00B3
acute,118,20118,00B4
mu,119,20119,00B5
paragraph,120,20120,00B6
periodcentered,121,20121,00B7
cedilla,122,20122,00B8
uni00B9,123,20123,00B9
ordmasculine,124,20124,00BA
guillemotright,125,20125,00BB
onequarter,126,20126,00BC
onehalf,127,20127,00BD
threequarters,128,20128,00BE
questiondown,129,20129,00BF
Agrave,130,20130,00C0
Aacute,131,20131,00C1
Acircumflex,132,20132,00C2
Atilde,133,20133,00C3
Adieresis,134,20134,00C4
Aring,135,20135,00C5
AE,136,20136,00C6
Ccedilla,137,20137,00C7
Egrave,138,20138,00C8
Eacute,139,20139,00C9
Ecircumflex,140,20140,00CA
Edieresis,141,20141,00CB
Igrave,142,20142,00CC
Iacute,143,20143,00CD
Icircumflex,144,20144,00CE
Idieresis,145,20145,00CF
Eth,146,20146,00D0
Ntilde,147,20147,00D1
Ograve,148,20148,00D2
Oacute,149,20149,00D3
Ocircumflex,150,20150,00D4
Otilde,151,20151,00D5
Odieresis,152,20152,00D6
multiply,153,20153,00D7
Oslash,154,20154,00D8
Ugrave,155,20155,00D9
Uacute,156,20156,00DA
Ucircumflex,157,20157,00DB
Udieresis,158,20158,00DC
Yacute,159,20159,00DD
Thorn,160,20160,00DE
germandbls,161,20161,00DF
agrave,162,20162,00E0
aacute,163,20163,00E1
acircumflex,164,20164,00E2
atilde,165,20165,00E3
adieresis,166,20166,00E4
aring,167,20167,00E5
ae,168,20168,00E6
ccedilla,169,20169,00E7
egrave,170,20170,00E8
eacute,171,20171,00E9
ecircumflex,172,20172,00EA
edieresis,173,20173,00EB
igrave,174,20174,00EC
iacute,175,20175,00ED
icircumflex,176,20176,00EE
idieresis,177,20177,00EF
eth,178,20178,00F0
ntilde,179,20179,00F1
ograve,180,20180,00F2
oacute,181,20181,00F3
ocircumflex,182,20182,00F4
otilde,183,20183,00F5
odieresis,184,20184,00F6
divide,185,20185,00F7
oslash,186,20186,00F8
ugrave,187,20187,00F9
uacute,188,20188,00FA
ucircumflex,189,20189,00FB
udieresis,190,20190,00FC
yacute,191,20191,00FD
thorn,192,20192,00FE
ydieresis,193,20193,00FF
dotlessi,194,20194,0131
OE,195,20195,0152
oe,196,20196,0153
Scaron,197,20197,0160
scaron,198,20198,0161
Ydieresis,199,20199,0178
Zcaron,200,20200,017D
zcaron,201,20201,017E
florin,202,20202,0192
circumflex,203,20203,02C6
caron,204,20204,02C7
uni02D0,205,20205,02D0
breve,206,20206,02D8
dotaccent,207,20207,02D9
ring,208,20208,02DA
ogonek,209,20209,02DB
tilde,210,20210,02DC
hungarumlaut,211,20211,02DD
uni034F,212,20212,034F
pi,213,20213,03C0
uni2000,214,20214,2000
uni2001,215,20215,2001
uni2002,216,20216,2002
uni2003,217,20217,2003
uni2004,218,20218,2004
uni2005,219,20219,2005
uni2006,220,20220,2006
uni2007,221,20221,2007
uni2008,222,20222,2008
uni2009,223,20223,2009
uni200A,224,20224,200A
uni200B,225,20225,200B
uni200C,226,20226,200C
uni200D,227,20227,200D
uni2010,228,20228,2010
uni2011,229,20229,2011
figuredash,230,20230,2012
endash,231,20231,2013
emdash,232,20232,2014
uni2015,233,20233,2015
quoteleft,234,20234,2018
quoteright,235,20235,2019
quotesinglbase,236,20236,201A
quotedblleft,237,20237,201C
quotedblright,238,20238,201D
quotedblbase,239,20239,201E
dagger,240,20240,2020
daggerdbl,241,20241,2021
bullet,242,20242,2022
ellipsis,243,20243,2026
uni2027,244,20244,2027
uni2028,245,20245,2028
uni2029,246,20246,2029
uni202F,247,20247,202F
perthousand,248,20248,2030
guilsinglleft,249,20249,2039
guilsinglright,250,20250,203A
fraction,251,20251,2044
uni2060,252,20252,2060
uni2074,253,20253,2074
uni2075,254,20254,2075
uni2076,255,20255,2076
uni2077,256,20256,2077
uni2088,257,20257,2088
uni2099,258,20258,2099
Euro,259,20259,20AC
trademark,260,20260,2122
Omega,261,20261,2126
partialdiff,262,20262,2202
Delta,263,20263,2206
product,264,20264,220F
summation,265,20265,2211
minus,266,20266,2212
uni2215,267,20267,2215
uni2219,268,20268,2219
radical,269,20269,221A
infinity,270,20270,221E
integral,271,20271,222B
approxequal,272,20272,2248
notequal,273,20273,2260
lessequal,274,20274,2264
greaterequal,275,20275,2265
uni2423,276,20276,2423
uni2460,277,20277,2460
uni2461,278,20278,2461
uni2462,279,20279,2462
uni2463,280,20280,2463
uni2464,281,20281,2464
uni2465,282,20282,2465
uni2466,283,20283,2466
uni2467,284,20284,2467
uni2468,285,20285,2468
uni2469,286,20286,2469
uni246A,287,20287,246A
uni246B,288,20288,246B
uni246C,289,20289,246C
uni246D,290,20290,246D
uni246E,291,20291,246E
uni246F,292,20292,246F
uni2470,293,20293,2470
uni2471,294,20294,2471
uni2472,295,20295,2472
uni2473,296,20296,2473
lozenge,297,20297,25CA
uni25CC,298,20298,25CC
uni2776,299,20299,2776
uni2777,300,20300,2777
uni2778,301,20301,2778
uni2779,302,20302,2779
uni277A,303,20303,277A
uni277B,304,20304,277B
uni277C,305,20305,277C
uni277D,306,20306,277D
uni277E,307,20307,277E
uni277F,308,20308,277F
uni3000,309,5309,3000
uni3001,310,5310,3001
uni3002,311,5311,3002
uni3003,312,5312,3003
uni3008,313,5313,3008
uni3009,314,5314,3009
uni300A,315,5315,300A
uni300B,316,5316,300B
uni300C,317,5317,300C
uni300D,318,5318,300D
uni300E,319,5319,300E
uni300F,320,5320,300F
uni3010,321,5321,3010
uni3011,322,5322,3011
uni3012,323,5323,3012
uni3013,324,5324,3013
uni3014,325,5325,3014
uni3015,326,5326,3015
uni3016,327,5327,3016
uni3017,328,5328,3017
uni3018,329,5329,3018
uni3019,330,5330,3019
uni301A,331,5331,301A
uni301B,332,5332,301B
uni30FB,333,5333,30FB
uniA000,334,334,A000
uniA001,335,10335,A001
uniA002,336,336,A002
uniA003,337,337,A003
uniA004,338,338,A004
uniA005,339,10339,A005
uniA006,340,340,A006
uniA007,341,341,A007
uniA008,342,342,A008
uniA009,343,10343,A009
uniA00A,344,344,A00A
uniA00B,345,345,A00B
uniA00C,346,10346,A00C
uniA00D,347,347,A00D
uniA00E,348,348,A00E
uniA00F,349,349,A00F
uniA010,350,10350,A010
uniA011,351,351,A011
uniA012,352,352,A012
uniA013,353,10353,A013
uniA014,354,354,A014
uniA015,355,355,A015
uniA016,356,356,A016
uniA017,357,10357,A017
uniA018,358,358,A018
uniA019,359,359,A019
uniA01A,360,360,A01A
uniA01B,361,10361,A01B
uniA01C,362,362,A01C
uniA01D,363,363,A01D
uniA01E,364,364,A01E
uniA01F,365,10365,A01F
uniA020,366,366,A020
uniA021,367,367,A021
uniA022,368,10368,A022
uniA023,369,369,A023
uniA024,370,370,A024
uniA025,371,371,A025
uniA026,372,10372,A026
uniA027,373,373,A027
uniA028,374,374,A028
uniA029,375,10375,A029
uniA02A,376,376,A02A
uniA02B,377,377,A02B
uniA02C,378,378,A02C
uniA02D,379,10379,A02D
uniA02E,380,380,A02E
uniA02F,381,381,A02F
uniA030,382,10382,A030
uniA031,383,383,A031
uniA032,384,384,A032
uniA033,385,10385,A033
uniA034,386,386,A034
uniA035,387,387,A035
uniA036,388,10388,A036
uniA037,389,389,A037
uniA038,390,390,A038
uniA039,391,10391,A039
uniA03A,392,392,A03A
uniA03B,393,393,A03B
uniA03C,394,10394,A03C
uniA03D,395,395,A03D
uniA03E,396,396,A03E
uniA03F,397,397,A03F
uniA040,398,10398,A040
uniA041,399,399,A041
uniA042,400,400,A042
uniA043,401,10401,A043
uniA044,402,402,A044
uniA045,403,403,A045
uniA046,404,404,A046
uniA047,405,10405,A047
uniA048,406,406,A048
uniA049,407,407,A049
uniA04A,408,408,A04A
uniA04B,409,10409,A04B
uniA04C,410,410,A04C
uniA04D,411,411,A04D
uniA04E,412,10412,A04E
uniA04F,413,413,A04F
uniA050,414,414,A050
uniA051,415,10415,A051
uniA052,416,416,A052
uniA053,417,417,A053
uniA054,418,10418,A054
uniA055,419,419,A055
uniA056,420,420,A056
uniA057,421,10421,A057
uniA058,422,422,A058
uniA059,423,423,A059
uniA05A,424,424,A05A
uniA05B,425,10425,A05B
uniA05C,426,426,A05C
uniA05D,427,427,A05D
uniA05E,428,428,A05E
uniA05F,429,10429,A05F
uniA060,430,430,A060
uniA061,431,431,A061
uniA062,432,10432,A062
uniA063,433,433,A063
uniA064,434,434,A064
uniA065,435,435,A065
uniA066,436,10436,A066
uniA067,437,437,A067
uniA068,438,438,A068
uniA069,439,10439,A069
uniA06A,440,440,A06A
uniA06B,441,441,A06B
uniA06C,442,442,A06C
uniA06D,443,10443,A06D
uniA06E,444,444,A06E
uniA06F,445,445,A06F
uniA070,446,10446,A070
uniA071,447,447,A071
uniA072,448,448,A072
uniA073,449,10449,A073
uniA074,450,450,A074
uniA075,451,451,A075
uniA076,452,452,A076
uniA077,453,10453,A077
uniA078,454,454,A078
uniA079,455,455,A079
uniA07A,456,10456,A07A
uniA07B,457,457,A07B
uniA07C,458,458,A07C
uniA07D,459,459,A07D
uniA07E,460,10460,A07E
uniA07F,461,461,A07F
uniA080,462,462,A080
uniA081,463,463,A081
uniA082,464,10464,A082
uniA083,465,465,A083
uniA084,466,466,A084
uniA085,467,467,A085
uniA086,468,10468,A086
uniA087,469,469,A087
uniA088,470,470,A088
uniA089,471,10471,A089
uniA08A,472,472,A08A
uniA08B,473,473,A08B
uniA08C,474,10474,A08C
uniA08D,475,475,A08D
uniA08E,476,476,A08E
uniA08F,477,10477,A08F
uniA090,478,478,A090
uniA091,479,479,A091
uniA092,480,10480,A092
uniA093,481,481,A093
uniA094,482,482,A094
uniA095,483,10483,A095
uniA096,484,484,A096
uniA097,485,485,A097
uniA098,486,486,A098
uniA099,487,10487,A099
uniA09A,488,488,A09A
uniA09B,489,489,A09B
uniA09C,490,10490,A09C
uniA09D,491,491,A09D
uniA09E,492,492,A09E
uniA09F,493,493,A09F
uniA0A0,494,10494,A0A0
uniA0A1,495,495,A0A1
uniA0A2,496,496,A0A2
uniA0A3,497,497,A0A3
uniA0A4,498,10498,A0A4
uniA0A5,499,499,A0A5
uniA0A6,500,500,A0A6
uniA0A7,501,10501,A0A7
uniA0A8,502,502,A0A8
uniA0A9,503,10503,A0A9
uniA0AA,504,504,A0AA
uniA0AB,505,505,A0AB
uniA0AC,506,10506,A0AC
uniA0AD,507,507,A0AD
uniA0AE,508,508,A0AE
uniA0AF,509,10509,A0AF
uniA0B0,510,510,A0B0
uniA0B1,511,511,A0B1
uniA0B2,512,10512,A0B2
uniA0B3,513,513,A0B3
uniA0B4,514,514,A0B4
uniA0B5,515,515,A0B5
uniA0B6,516,10516,A0B6
uniA0B7,517,517,A0B7
uniA0B8,518,518,A0B8
uniA0B9,519,519,A0B9
uniA0BA,520,10520,A0BA
uniA0BB,521,521,A0BB
uniA0BC,522,522,A0BC
uniA0BD,523,523,A0BD
uniA0BE,524,10524,A0BE
uniA0BF,525,525,A0BF
uniA0C0,526,526,A0C0
uniA0C1,527,10527,A0C1
uniA0C2,528,528,A0C2
uniA0C3,529,529,A0C3
uniA0C4,530,10530,A0C4
uniA0C5,531,531,A0C5
uniA0C6,532,532,A0C6
uniA0C7,533,10533,A0C7
uniA0C8,534,534,A0C8
uniA0C9,535,535,A0C9
uniA0CA,536,10536,A0CA
uniA0CB,537,537,A0CB
uniA0CC,538,538,A0CC
uniA0CD,539,539,A0CD
uniA0CE,540,10540,A0CE
uniA0CF,541,541,A0CF
uniA0D0,542,542,A0D0
uniA0D1,543,543,A0D1
uniA0D2,544,10544,A0D2
uniA0D3,545,545,A0D3
uniA0D4,546,546,A0D4
uniA0D5,547,10547,A0D5
uniA0D6,548,548,A0D6
uniA0D7,549,549,A0D7
uniA0D8,550,550,A0D8
uniA0D9,551,10551,A0D9
uniA0DA,552,552,A0DA
uniA0DB,553,553,A0DB
uniA0DC,554,10554,A0DC
uniA0DD,555,555,A0DD
uniA0DE,556,556,A0DE
uniA0DF,557,10557,A0DF
uniA0E0,558,558,A0E0
uniA0E1,559,559,A0E1
uniA0E2,560,560,A0E2
uniA0E3,561,10561,A0E3
uniA0E4,562,562,A0E4
uniA0E5,563,563,A0E5
uniA0E6,564,564,A0E6
uniA0E7,565,10565,A0E7
uniA0E8,566,566,A0E8
uniA0E9,567,567,A0E9
uniA0EA,568,568,A0EA
uniA0EB,569,10569,A0EB
uniA0EC,570,570,A0EC
uniA0ED,571,571,A0ED
uniA0EE,572,572,A0EE
uniA0EF,573,10573,A0EF
uniA0F0,574,574,A0F0
uniA0F1,575,575,A0F1
uniA0F2,576,10576,A0F2
uniA0F3,577,577,A0F3
uniA0F4,578,578,A0F4
uniA0F5,579,10579,A0F5
uniA0F6,580,580,A0F6
uniA0F7,581,581,A0F7
uniA0F8,582,10582,A0F8
uniA0F9,583,583,A0F9
uniA0FA,584,584,A0FA
uniA0FB,585,10585,A0FB
uniA0FC,586,586,A0FC
uniA0FD,587,587,A0FD
uniA0FE,588,10588,A0FE
uniA0FF,589,589,A0FF
uniA100,590,590,A100
uniA101,591,10591,A101
uniA102,592,592,A102
uniA103,593,593,A103
uniA104,594,10594,A104
uniA105,595,595,A105
uniA106,596,596,A106
uniA107,597,597,A107
uniA108,598,10598,A108
uniA109,599,599,A109
uniA10A,600,600,A10A
uniA10B,601,10601,A10B
uniA10C,602,602,A10C
uniA10D,603,603,A10D
uniA10E,604,10604,A10E
uniA10F,605,605,A10F
uniA110,606,606,A110
uniA111,607,10607,A111
uniA112,608,608,A112
uniA113,609,609,A113
uniA114,610,610,A114
uniA115,611,10611,A115
uniA116,612,612,A116
uniA117,613,613,A117
uniA118,614,10614,A118
uniA119,615,615,A119
uniA11A,616,616,A11A
uniA11B,617,10617,A11B
uniA11C,618,618,A11C
uniA11D,619,619,A11D
uniA11E,620,10620,A11E
uniA11F,621,621,A11F
uniA120,622,622,A120
uniA121,623,623,A121
uniA122,624,10624,A122
uniA123,625,625,A123
uniA124,626,626,A124
uniA125,627,627,A125
uniA126,628,10628,A126
uniA127,629,629,A127
uniA128,630,630,A128
uniA129,631,631,A129
uniA12A,632,10632,A12A
uniA12B,633,633,A12B
uniA12C,634,634,A12C
uniA12D,635,10635,A12D
uniA12E,636,636,A12E
uniA12F,637,637,A12F
uniA130,638,638,A130
uniA131,639,10639,A131
uniA132,640,640,A132
uniA133,641,641,A133
uniA134,642,10642,A134
uniA135,643,643,A135
uniA136,644,644,A136
uniA137,645,10645,A137
uniA138,646,646,A138
uniA139,647,647,A139
uniA13A,648,10648,A13A
uniA13B,649,649,A13B
uniA13C,650,650,A13C
uniA13D,651,651,A13D
uniA13E,652,10652,A13E
uniA13F,653,653,A13F
uniA140,654,654,A140
uniA141,655,10655,A141
uniA142,656,656,A142
uniA143,657,657,A143
uniA144,658,658,A144
uniA145,659,10659,A145
uniA146,660,660,A146
uniA147,661,661,A147
uniA148,662,10662,A148
uniA149,663,663,A149
uniA14A,664,664,A14A
uniA14B,665,665,A14B
uniA14C,666,10666,A14C
uniA14D,667,667,A14D
uniA14E,668,668,A14E
uniA14F,669,10669,A14F
uniA150,670,670,A150
uniA151,671,671,A151
uniA152,672,10672,A152
uniA153,673,673,A153
uniA154,674,674,A154
uniA155,675,10675,A155
uniA156,676,676,A156
uniA157,677,677,A157
uniA158,678,10678,A158
uniA159,679,679,A159
uniA15A,680,680,A15A
uniA15B,681,681,A15B
uniA15C,682,10682,A15C
uniA15D,683,683,A15D
uniA15E,684,684,A15E
uniA15F,685,10685,A15F
uniA160,686,686,A160
uniA161,687,687,A161
uniA162,688,688,A162
uniA163,689,10689,A163
uniA164,690,690,A164
uniA165,691,691,A165
uniA166,692,10692,A166
uniA167,693,693,A167
uniA168,694,694,A168
uniA169,695,10695,A169
uniA16A,696,696,A16A
uniA16B,697,697,A16B
uniA16C,698,698,A16C
uniA16D,699,10699,A16D
uniA16E,700,700,A16E
uniA16F,701,701,A16F
uniA170,702,702,A170
uniA171,703,10703,A171
uniA172,704,704,A172
uniA173,705,705,A173
uniA174,706,10706,A174
uniA175,707,707,A175
uniA176,708,708,A176
uniA177,709,10709,A177
uniA178,710,710,A178
uniA179,711,10711,A179
uniA17A,712,712,A17A
uniA17B,713,713,A17B
uniA17C,714,714,A17C
uniA17D,715,715,A17D
uniA17E,716,10716,A17E
uniA17F,717,717,A17F
uniA180,718,718,A180
uniA181,719,10719,A181
uniA182,720,720,A182
uniA183,721,721,A183
uniA184,722,10722,A184
uniA185,723,723,A185
uniA186,724,724,A186
uniA187,725,10725,A187
uniA188,726,726,A188
uniA189,727,727,A189
uniA18A,728,728,A18A
uniA18B,729,10729,A18B
uniA18C,730,730,A18C
uniA18D,731,731,A18D
uniA18E,732,10732,A18E
uniA18F,733,733,A18F
uniA190,734,734,A190
uniA191,735,735,A191
uniA192,736,10736,A192
uniA193,737,737,A193
uniA194,738,738,A194
uniA195,739,10739,A195
uniA196,740,740,A196
uniA197,741,741,A197
uniA198,742,10742,A198
uniA199,743,743,A199
uniA19A,744,744,A19A
uniA19B,745,10745,A19B
uniA19C,746,746,A19C
uniA19D,747,747,A19D
uniA19E,748,748,A19E
uniA19F,749,10749,A19F
uniA1A0,750,750,A1A0
uniA1A1,751,751,A1A1
uniA1A2,752,10752,A1A2
uniA1A3,753,753,A1A3
uniA1A4,754,754,A1A4
uniA1A5,755,10755,A1A5
uniA1A6,756,756,A1A6
uniA1A7,757,757,A1A7
uniA1A8,758,10758,A1A8
uniA1A9,759,759,A1A9
uniA1AA,760,760,A1AA
uniA1AB,761,761,A1AB
uniA1AC,762,10762,A1AC
uniA1AD,763,763,A1AD
uniA1AE,764,764,A1AE
uniA1AF,765,10765,A1AF
uniA1B0,766,766,A1B0
uniA1B1,767,767,A1B1
uniA1B2,768,10768,A1B2
uniA1B3,769,769,A1B3
uniA1B4,770,770,A1B4
uniA1B5,771,10771,A1B5
uniA1B6,772,772,A1B6
uniA1B7,773,773,A1B7
uniA1B8,774,10774,A1B8
uniA1B9,775,775,A1B9
uniA1BA,776,776,A1BA
uniA1BB,777,777,A1BB
uniA1BC,778,10778,A1BC
uniA1BD,779,779,A1BD
uniA1BE,780,780,A1BE
uniA1BF,781,781,A1BF
uniA1C0,782,10782,A1C0
uniA1C1,783,783,A1C1
uniA1C2,784,784,A1C2
uniA1C3,785,785,A1C3
uniA1C4,786,10786,A1C4
uniA1C5,787,787,A1C5
uniA1C6,788,788,A1C6
uniA1C7,789,789,A1C7
uniA1C8,790,10790,A1C8
uniA1C9,791,791,A1C9
uniA1CA,792,792,A1CA
uniA1CB,793,10793,A1CB
uniA1CC,794,794,A1CC
uniA1CD,795,795,A1CD
uniA1CE,796,796,A1CE
uniA1CF,797,10797,A1CF
uniA1D0,798,798,A1D0
uniA1D1,799,799,A1D1
uniA1D2,800,10800,A1D2
uniA1D3,801,801,A1D3
uniA1D4,802,802,A1D4
uniA1D5,803,10803,A1D5
uniA1D6,804,804,A1D6
uniA1D7,805,805,A1D7
uniA1D8,806,10806,A1D8
uniA1D9,807,807,A1D9
uniA1DA,808,808,A1DA
uniA1DB,809,10809,A1DB
uniA1DC,810,810,A1DC
uniA1DD,811,811,A1DD
uniA1DE,812,812,A1DE
uniA1DF,813,10813,A1DF
uniA1E0,814,814,A1E0
uniA1E1,815,815,A1E1
uniA1E2,816,816,A1E2
uniA1E3,817,10817,A1E3
uniA1E4,818,818,A1E4
uniA1E5,819,819,A1E5
uniA1E6,820,820,A1E6
uniA1E7,821,10821,A1E7
uniA1E8,822,822,A1E8
uniA1E9,823,823,A1E9
uniA1EA,824,824,A1EA
uniA1EB,825,10825,A1EB
uniA1EC,826,826,A1EC
uniA1ED,827,827,A1ED
uniA1EE,828,828,A1EE
uniA1EF,829,10829,A1EF
uniA1F0,830,830,A1F0
uniA1F1,831,831,A1F1
uniA1F2,832,832,A1F2
uniA1F3,833,10833,A1F3
uniA1F4,834,834,A1F4
uniA1F5,835,835,A1F5
uniA1F6,836,10836,A1F6
uniA1F7,837,837,A1F7
uniA1F8,838,838,A1F8
uniA1F9,839,10839,A1F9
uniA1FA,840,840,A1FA
uniA1FB,841,841,A1FB
uniA1FC,842,10842,A1FC
uniA1FD,843,843,A1FD
uniA1FE,844,844,A1FE
uniA1FF,845,845,A1FF
uniA200,846,10846,A200
uniA201,847,847,A201
uniA202,848,848,A202
uniA203,849,10849,A203
uniA204,850,850,A204
uniA205,851,851,A205
uniA206,852,852,A206
uniA207,853,10853,A207
uniA208,854,854,A208
uniA209,855,855,A209
uniA20A,856,856,A20A
uniA20B,857,10857,A20B
uniA20C,858,858,A20C
uniA20D,859,859,A20D
uniA20E,860,860,A20E
uniA20F,861,10861,A20F
uniA210,862,862,A210
uniA211,863,863,A211
uniA212,864,10864,A212
uniA213,865,865,A213
uniA214,866,866,A214
uniA215,867,10867,A215
uniA216,868,868,A216
uniA217,869,10869,A217
uniA218,870,870,A218
uniA219,871,871,A219
uniA21A,872,872,A21A
uniA21B,873,10873,A21B
uniA21C,874,874,A21C
uniA21D,875,875,A21D
uniA21E,876,876,A21E
uniA21F,877,10877,A21F
uniA220,878,878,A220
uniA221,879,879,A221
uniA222,880,880,A222
uniA223,881,10881,A223
uniA224,882,882,A224
uniA225,883,883,A225
uniA226,884,884,A226
uniA227,885,10885,A227
uniA228,886,886,A228
uniA229,887,887,A229
uniA22A,888,888,A22A
uniA22B,889,10889,A22B
uniA22C,890,890,A22C
uniA22D,891,891,A22D
uniA22E,892,10892,A22E
uniA22F,893,893,A22F
uniA230,894,10894,A230
uniA231,895,895,A231
uniA232,896,896,A232
uniA233,897,10897,A233
uniA234,898,898,A234
uniA235,899,899,A235
uniA236,900,10900,A236
uniA237,901,901,A237
uniA238,902,902,A238
uniA239,903,903,A239
uniA23A,904,10904,A23A
uniA23B,905,905,A23B
uniA23C,906,906,A23C
uniA23D,907,10907,A23D
uniA23E,908,908,A23E
uniA23F,909,909,A23F
uniA240,910,910,A240
uniA241,911,10911,A241
uniA242,912,912,A242
uniA243,913,913,A243
uniA244,914,10914,A244
uniA245,915,915,A245
uniA246,916,916,A246
uniA247,917,10917,A247
uniA248,918,918,A248
uniA249,919,919,A249
uniA24A,920,920,A24A
uniA24B,921,10921,A24B
uniA24C,922,922,A24C
uniA24D,923,923,A24D
uniA24E,924,924,A24E
uniA24F,925,10925,A24F
uniA250,926,926,A250
uniA251,927,927,A251
uniA252,928,928,A252
uniA253,929,10929,A253
uniA254,930,930,A254
uniA255,931,931,A255
uniA256,932,932,A256
uniA257,933,10933,A257
uniA258,934,934,A258
uniA259,935,935,A259
uniA25A,936,10936,A25A
uniA25B,937,937,A25B
uniA25C,938,938,A25C
uniA25D,939,10939,A25D
uniA25E,940,940,A25E
uniA25F,941,941,A25F
uniA260,942,942,A260
uniA261,943,10943,A261
uniA262,944,944,A262
uniA263,945,945,A263
uniA264,946,946,A264
uniA265,947,10947,A265
uniA266,948,948,A266
uniA267,949,949,A267
uniA268,950,10950,A268
uniA269,951,951,A269
uniA26A,952,952,A26A
uniA26B,953,10953,A26B
uniA26C,954,954,A26C
uniA26D,955,955,A26D
uniA26E,956,956,A26E
uniA26F,957,10957,A26F
uniA270,958,958,A270
uniA271,959,959,A271
uniA272,960,10960,A272
uniA273,961,961,A273
uniA274,962,962,A274
uniA275,963,963,A275
uniA276,964,10964,A276
uniA277,965,965,A277
uniA278,966,966,A278
uniA279,967,967,A279
uniA27A,968,10968,A27A
uniA27B,969,969,A27B
uniA27C,970,970,A27C
uniA27D,971,10971,A27D
uniA27E,972,972,A27E
uniA27F,973,973,A27F
uniA280,974,974,A280
uniA281,975,10975,A281
uniA282,976,976,A282
uniA283,977,977,A283
uniA284,978,10978,A284
uniA285,979,979,A285
uniA286,980,980,A286
uniA287,981,10981,A287
uniA288,982,982,A288
uniA289,983,983,A289
uniA28A,984,10984,A28A
uniA28B,985,985,A28B
uniA28C,986,986,A28C
uniA28D,987,987,A28D
uniA28E,988,10988,A28E
uniA28F,989,989,A28F
uniA290,990,990,A290
uniA291,991,10991,A291
uniA292,992,992,A292
uniA293,993,993,A293
uniA294,994,994,A294
uniA295,995,10995,A295
uniA296,996,996,A296
uniA297,997,997,A297
uniA298,998,10998,A298
uniA299,999,999,A299
uniA29A,1000,1000,A29A
uniA29B,1001,1001,A29B
uniA29C,1002,11002,A29C
uniA29D,1003,1003,A29D
uniA29E,1004,1004,A29E
uniA29F,1005,11005,A29F
uniA2A0,1006,1006,A2A0
uniA2A1,1007,1007,A2A1
uniA2A2,1008,1008,A2A2
uniA2A3,1009,11009,A2A3
uniA2A4,1010,1010,A2A4
uniA2A5,1011,1011,A2A5
uniA2A6,1012,11012,A2A6
uniA2A7,1013,1013,A2A7
uniA2A8,1014,1014,A2A8
uniA2A9,1015,11015,A2A9
uniA2AA,1016,1016,A2AA
uniA2AB,1017,1017,A2AB
uniA2AC,1018,11018,A2AC
uniA2AD,1019,1019,A2AD
uniA2AE,1020,1020,A2AE
uniA2AF,1021,11021,A2AF
uniA2B0,1022,1022,A2B0
uniA2B1,1023,1023,A2B1
uniA2B2,1024,1024,A2B2
uniA2B3,1025,11025,A2B3
uniA2B4,1026,1026,A2B4
uniA2B5,1027,1027,A2B5
uniA2B6,1028,1028,A2B6
uniA2B7,1029,11029,A2B7
uniA2B8,1030,1030,A2B8
uniA2B9,1031,1031,A2B9
uniA2BA,1032,11032,A2BA
uniA2BB,1033,1033,A2BB
uniA2BC,1034,1034,A2BC
uniA2BD,1035,1035,A2BD
uniA2BE,1036,11036,A2BE
uniA2BF,1037,1037,A2BF
uniA2C0,1038,1038,A2C0
uniA2C1,1039,11039,A2C1
uniA2C2,1040,1040,A2C2
uniA2C3,1041,1041,A2C3
uniA2C4,1042,1042,A2C4
uniA2C5,1043,11043,A2C5
uniA2C6,1044,1044,A2C6
uniA2C7,1045,1045,A2C7
uniA2C8,1046,11046,A2C8
uniA2C9,1047,1047,A2C9
uniA2CA,1048,1048,A2CA
uniA2CB,1049,11049,A2CB
uniA2CC,1050,1050,A2CC
uniA2CD,1051,1051,A2CD
uniA2CE,1052,11052,A2CE
uniA2CF,1053,1053,A2CF
uniA2D0,1054,1054,A2D0
uniA2D1,1055,11055,A2D1
uniA2D2,1056,1056,A2D2
uniA2D3,1057,1057,A2D3
uniA2D4,1058,1058,A2D4
uniA2D5,1059,11059,A2D5
uniA2D6,1060,1060,A2D6
uniA2D7,1061,1061,A2D7
uniA2D8,1062,1062,A2D8
uniA2D9,1063,11063,A2D9
uniA2DA,1064,1064,A2DA
uniA2DB,1065,1065,A2DB
uniA2DC,1066,11066,A2DC
uniA2DD,1067,1067,A2DD
uniA2DE,1068,1068,A2DE
uniA2DF,1069,11069,A2DF
uniA2E0,1070,1070,A2E0
uniA2E1,1071,1071,A2E1
uniA2E2,1072,11072,A2E2
uniA2E3,1073,1073,A2E3
uniA2E4,1074,1074,A2E4
uniA2E5,1075,11075,A2E5
uniA2E6,1076,1076,A2E6
uniA2E7,1077,1077,A2E7
uniA2E8,1078,11078,A2E8
uniA2E9,1079,1079,A2E9
uniA2EA,1080,1080,A2EA
uniA2EB,1081,11081,A2EB
uniA2EC,1082,1082,A2EC
uniA2ED,1083,1083,A2ED
uniA2EE,1084,11084,A2EE
uniA2EF,1085,1085,A2EF
uniA2F0,1086,1086,A2F0
uniA2F1,1087,11087,A2F1
uniA2F2,1088,1088,A2F2
uniA2F3,1089,1089,A2F3
uniA2F4,1090,1090,A2F4
uniA2F5,1091,11091,A2F5
uniA2F6,1092,1092,A2F6
uniA2F7,1093,1093,A2F7
uniA2F8,1094,11094,A2F8
uniA2F9,1095,1095,A2F9
uniA2FA,1096,11096,A2FA
uniA2FB,1097,1097,A2FB
uniA2FC,1098,11098,A2FC
uniA2FD,1099,1099,A2FD
uniA2FE,1100,11100,A2FE
uniA2FF,1101,1101,A2FF
uniA300,1102,1102,A300
uniA301,1103,11103,A301
uniA302,1104,1104,A302
uniA303,1105,1105,A303
uniA304,1106,11106,A304
uniA305,1107,1107,A305
uniA306,1108,1108,A306
uniA307,1109,11109,A307
uniA308,1110,1110,A308
uniA309,1111,1111,A309
uniA30A,1112,11112,A30A
uniA30B,1113,1113,A30B
uniA30C,1114,1114,A30C
uniA30D,1115,11115,A30D
uniA30E,1116,1116,A30E
uniA30F,1117,1117,A30F
uniA310,1118,1118,A310
uniA311,1119,11119,A311
uniA312,1120,1120,A312
uniA313,1121,1121,A313
uniA314,1122,11122,A314
uniA315,1123,1123,A315
uniA316,1124,1124,A316
uniA317,1125,1125,A317
uniA318,1126,11126,A318
uniA319,1127,1127,A319
uniA31A,1128,1128,A31A
uniA31B,1129,11129,A31B
uniA31C,1130,1130,A31C
uniA31D,1131,1131,A31D
uniA31E,1132,1132,A31E
uniA31F,1133,11133,A31F
uniA320,1134,1134,A320
uniA321,1135,1135,A321
uniA322,1136,11136,A322
uniA323,1137,1137,A323
uniA324,1138,1138,A324
uniA325,1139,11139,A325
uniA326,1140,1140,A326
uniA327,1141,1141,A327
uniA328,1142,11142,A328
uniA329,1143,1143,A329
uniA32A,1144,1144,A32A
uniA32B,1145,11145,A32B
uniA32C,1146,1146,A32C
uniA32D,1147,1147,A32D
uniA32E,1148,11148,A32E
uniA32F,1149,1149,A32F
uniA330,1150,1150,A330
uniA331,1151,1151,A331
uniA332,1152,11152,A332
uniA333,1153,1153,A333
uniA334,1154,1154,A334
uniA335,1155,1155,A335
uniA336,1156,11156,A336
uniA337,1157,1157,A337
uniA338,1158,1158,A338
uniA339,1159,11159,A339
uniA33A,1160,1160,A33A
uniA33B,1161,1161,A33B
uniA33C,1162,1162,A33C
uniA33D,1163,11163,A33D
uniA33E,1164,1164,A33E
uniA33F,1165,1165,A33F
uniA340,1166,1166,A340
uniA341,1167,11167,A341
uniA342,1168,1168,A342
uniA343,1169,1169,A343
uniA344,1170,11170,A344
uniA345,1171,1171,A345
uniA346,1172,1172,A346
uniA347,1173,11173,A347
uniA348,1174,1174,A348
uniA349,1175,1175,A349
uniA34A,1176,11176,A34A
uniA34B,1177,1177,A34B
uniA34C,1178,1178,A34C
uniA34D,1179,1179,A34D
uniA34E,1180,11180,A34E
uniA34F,1181,1181,A34F
uniA350,1182,1182,A350
uniA351,1183,1183,A351
uniA352,1184,11184,A352
uniA353,1185,1185,A353
uniA354,1186,1186,A354
uniA355,1187,1187,A355
uniA356,1188,11188,A356
uniA357,1189,1189,A357
uniA358,1190,1190,A358
uniA359,1191,11191,A359
uniA35A,1192,1192,A35A
uniA35B,1193,1193,A35B
uniA35C,1194,11194,A35C
uniA35D,1195,1195,A35D
uniA35E,1196,1196,A35E
uniA35F,1197,11197,A35F
uniA360,1198,1198,A360
uniA361,1199,1199,A361
uniA362,1200,11200,A362
uniA363,1201,1201,A363
uniA364,1202,1202,A364
uniA365,1203,1203,A365
uniA366,1204,11204,A366
uniA367,1205,1205,A367
uniA368,1206,1206,A368
uniA369,1207,1207,A369
uniA36A,1208,11208,A36A
uniA36B,1209,1209,A36B
uniA36C,1210,1210,A36C
uniA36D,1211,1211,A36D
uniA36E,1212,11212,A36E
uniA36F,1213,1213,A36F
uniA370,1214,1214,A370
uniA371,1215,11215,A371
uniA372,1216,1216,A372
uniA373,1217,1217,A373
uniA374,1218,11218,A374
uniA375,1219,1219,A375
uniA376,1220,1220,A376
uniA377,1221,11221,A377
uniA378,1222,1222,A378
uniA379,1223,1223,A379
uniA37A,1224,11224,A37A
uniA37B,1225,1225,A37B
uniA37C,1226,11226,A37C
uniA37D,1227,1227,A37D
uniA37E,1228,11228,A37E
uniA37F,1229,1229,A37F
uniA380,1230,1230,A380
uniA381,1231,11231,A381
uniA382,1232,1232,A382
uniA383,1233,1233,A383
uniA384,1234,1234,A384
uniA385,1235,11235,A385
uniA386,1236,1236,A386
uniA387,1237,1237,A387
uniA388,1238,1238,A388
uniA389,1239,11239,A389
uniA38A,1240,1240,A38A
uniA38B,1241,1241,A38B
uniA38C,1242,11242,A38C
uniA38D,1243,1243,A38D
uniA38E,1244,1244,A38E
uniA38F,1245,11245,A38F
uniA390,1246,1246,A390
uniA391,1247,1247,A391
uniA392,1248,11248,A392
uniA393,1249,1249,A393
uniA394,1250,1250,A394
uniA395,1251,11251,A395
uniA396,1252,1252,A396
uniA397,1253,1253,A397
uniA398,1254,11254,A398
uniA399,1255,1255,A399
uniA39A,1256,1256,A39A
uniA39B,1257,1257,A39B
uniA39C,1258,11258,A39C
uniA39D,1259,1259,A39D
uniA39E,1260,1260,A39E
uniA39F,1261,1261,A39F
uniA3A0,1262,11262,A3A0
uniA3A1,1263,1263,A3A1
uniA3A2,1264,1264,A3A2
uniA3A3,1265,11265,A3A3
uniA3A4,1266,1266,A3A4
uniA3A5,1267,1267,A3A5
uniA3A6,1268,11268,A3A6
uniA3A7,1269,1269,A3A7
uniA3A8,1270,1270,A3A8
uniA3A9,1271,11271,A3A9
uniA3AA,1272,1272,A3AA
uniA3AB,1273,1273,A3AB
uniA3AC,1274,11274,A3AC
uniA3AD,1275,1275,A3AD
uniA3AE,1276,1276,A3AE
uniA3AF,1277,11277,A3AF
uniA3B0,1278,1278,A3B0
uniA3B1,1279,1279,A3B1
uniA3B2,1280,1280,A3B2
uniA3B3,1281,11281,A3B3
uniA3B4,1282,1282,A3B4
uniA3B5,1283,1283,A3B5
uniA3B6,1284,1284,A3B6
uniA3B7,1285,11285,A3B7
uniA3B8,1286,1286,A3B8
uniA3B9,1287,1287,A3B9
uniA3BA,1288,1288,A3BA
uniA3BB,1289,11289,A3BB
uniA3BC,1290,1290,A3BC
uniA3BD,1291,1291,A3BD
uniA3BE,1292,11292,A3BE
uniA3BF,1293,1293,A3BF
uniA3C0,1294,1294,A3C0
uniA3C1,1295,11295,A3C1
uniA3C2,1296,1296,A3C2
uniA3C3,1297,1297,A3C3
uniA3C4,1298,11298,A3C4
uniA3C5,1299,1299,A3C5
uniA3C6,1300,1300,A3C6
uniA3C7,1301,11301,A3C7
uniA3C8,1302,1302,A3C8
uniA3C9,1303,1303,A3C9
uniA3CA,1304,11304,A3CA
uniA3CB,1305,1305,A3CB
uniA3CC,1306,1306,A3CC
uniA3CD,1307,1307,A3CD
uniA3CE,1308,11308,A3CE
uniA3CF,1309,1309,A3CF
uniA3D0,1310,1310,A3D0
uniA3D1,1311,11311,A3D1
uniA3D2,1312,1312,A3D2
uniA3D3,1313,1313,A3D3
uniA3D4,1314,1314,A3D4
uniA3D5,1315,11315,A3D5
uniA3D6,1316,1316,A3D6
uniA3D7,1317,1317,A3D7
uniA3D8,1318,11318,A3D8
uniA3D9,1319,1319,A3D9
uniA3DA,1320,1320,A3DA
uniA3DB,1321,11321,A3DB
uniA3DC,1322,1322,A3DC
uniA3DD,1323,1323,A3DD
uniA3DE,1324,11324,A3DE
uniA3DF,1325,1325,A3DF
uniA3E0,1326,1326,A3E0
uniA3E1,1327,11327,A3E1
uniA3E2,1328,1328,A3E2
uniA3E3,1329,1329,A3E3
uniA3E4,1330,1330,A3E4
uniA3E5,1331,11331,A3E5
uniA3E6,1332,1332,A3E6
uniA3E7,1333,1333,A3E7
uniA3E8,1334,1334,A3E8
uniA3E9,1335,11335,A3E9
uniA3EA,1336,1336,A3EA
uniA3EB,1337,1337,A3EB
uniA3EC,1338,1338,A3EC
uniA3ED,1339,11339,A3ED
uniA3EE,1340,1340,A3EE
uniA3EF,1341,1341,A3EF
uniA3F0,1342,1342,A3F0
uniA3F1,1343,11343,A3F1
uniA3F2,1344,1344,A3F2
uniA3F3,1345,1345,A3F3
uniA3F4,1346,11346,A3F4
uniA3F5,1347,1347,A3F5
uniA3F6,1348,1348,A3F6
uniA3F7,1349,11349,A3F7
uniA3F8,1350,1350,A3F8
uniA3F9,1351,1351,A3F9
uniA3FA,1352,11352,A3FA
uniA3FB,1353,1353,A3FB
uniA3FC,1354,1354,A3FC
uniA3FD,1355,11355,A3FD
uniA3FE,1356,1356,A3FE
uniA3FF,1357,1357,A3FF
uniA400,1358,1358,A400
uniA401,1359,11359,A401
uniA402,1360,1360,A402
uniA403,1361,1361,A403
uniA404,1362,1362,A404
uniA405,1363,11363,A405
uniA406,1364,1364,A406
uniA407,1365,1365,A407
uniA408,1366,1366,A408
uniA409,1367,11367,A409
uniA40A,1368,1368,A40A
uniA40B,1369,1369,A40B
uniA40C,1370,1370,A40C
uniA40D,1371,11371,A40D
uniA40E,1372,1372,A40E
uniA40F,1373,1373,A40F
uniA410,1374,11374,A410
uniA411,1375,1375,A411
uniA412,1376,1376,A412
uniA413,1377,11377,A413
uniA414,1378,1378,A414
uniA415,1379,1379,A415
uniA416,1380,11380,A416
uniA417,1381,1381,A417
uniA418,1382,1382,A418
uniA419,1383,11383,A419
uniA41A,1384,1384,A41A
uniA41B,1385,1385,A41B
uniA41C,1386,1386,A41C
uniA41D,1387,11387,A41D
uniA41E,1388,1388,A41E
uniA41F,1389,1389,A41F
uniA420,1390,11390,A420
uniA421,1391,1391,A421
uniA422,1392,1392,A422
uniA423,1393,1393,A423
uniA424,1394,11394,A424
uniA425,1395,1395,A425
uniA426,1396,1396,A426
uniA427,1397,1397,A427
uniA428,1398,11398,A428
uniA429,1399,1399,A429
uniA42A,1400,1400,A42A
uniA42B,1401,11401,A42B
uniA42C,1402,1402,A42C
uniA42D,1403,1403,A42D
uniA42E,1404,11404,A42E
uniA42F,1405,1405,A42F
uniA430,1406,1406,A430
uniA431,1407,1407,A431
uniA432,1408,11408,A432
uniA433,1409,1409,A433
uniA434,1410,1410,A434
uniA435,1411,1411,A435
uniA436,1412,11412,A436
uniA437,1413,1413,A437
uniA438,1414,1414,A438
uniA439,1415,11415,A439
uniA43A,1416,1416,A43A
uniA43B,1417,1417,A43B
uniA43C,1418,11418,A43C
uniA43D,1419,1419,A43D
uniA43E,1420,1420,A43E
uniA43F,1421,11421,A43F
uniA440,1422,1422,A440
uniA441,1423,1423,A441
uniA442,1424,11424,A442
uniA443,1425,1425,A443
uniA444,1426,1426,A444
uniA445,1427,11427,A445
uniA446,1428,1428,A446
uniA447,1429,1429,A447
uniA448,1430,11430,A448
uniA449,1431,1431,A449
uniA44A,1432,1432,A44A
uniA44B,1433,11433,A44B
uniA44C,1434,1434,A44C
uniA44D,1435,1435,A44D
uniA44E,1436,1436,A44E
uniA44F,1437,11437,A44F
uniA450,1438,1438,A450
uniA451,1439,1439,A451
uniA452,1440,11440,A452
uniA453,1441,1441,A453
uniA454,1442,1442,A454
uniA455,1443,1443,A455
uniA456,1444,11444,A456
uniA457,1445,1445,A457
uniA458,1446,1446,A458
uniA459,1447,1447,A459
uniA45A,1448,11448,A45A
uniA45B,1449,1449,A45B
uniA45C,1450,1450,A45C
uniA45D,1451,1451,A45D
uniA45E,1452,11452,A45E
uniA45F,1453,1453,A45F
uniA460,1454,1454,A460
uniA461,1455,1455,A461
uniA462,1456,11456,A462
uniA463,1457,1457,A463
uniA464,1458,1458,A464
uniA465,1459,11459,A465
uniA466,1460,1460,A466
uniA467,1461,1461,A467
uniA468,1462,11462,A468
uniA469,1463,1463,A469
uniA46A,1464,1464,A46A
uniA46B,1465,1465,A46B
uniA46C,1466,11466,A46C
uniA46D,1467,1467,A46D
uniA46E,1468,1468,A46E
uniA46F,1469,11469,A46F
uniA470,1470,1470,A470
uniA471,1471,1471,A471
uniA472,1472,11472,A472
uniA473,1473,1473,A473
uniA474,1474,1474,A474
uniA475,1475,1475,A475
uniA476,1476,11476,A476
uniA477,1477,1477,A477
uniA478,1478,1478,A478
uniA479,1479,1479,A479
uniA47A,1480,11480,A47A
uniA47B,1481,1481,A47B
uniA47C,1482,1482,A47C
uniA47D,1483,1483,A47D
uniA47E,1484,11484,A47E
uniA47F,1485,1485,A47F
uniA480,1486,1486,A480
uniA481,1487,1487,A481
uniA482,1488,11488,A482
uniA483,1489,1489,A483
uniA484,1490,1490,A484
uniA485,1491,11491,A485
uniA486,1492,1492,A486
uniA487,1493,1493,A487
uniA488,1494,11494,A488
uniA489,1495,1495,A489
uniA48A,1496,1496,A48A
uniA48B,1497,11497,A48B
uniA48C,1498,1498,A48C
uniA490,1499,1499,A490
uniA491,1500,1500,A491
uniA492,1501,1501,A492
uniA493,1502,1502,A493
uniA494,1503,1503,A494
uniA495,1504,1504,A495
uniA496,1505,1505,A496
uniA497,1506,1506,A497
uniA498,1507,1507,A498
uniA499,1508,1508,A499
uniA49A,1509,1509,A49A
uniA49B,1510,1510,A49B
uniA49C,1511,1511,A49C
uniA49D,1512,1512,A49D
uniA49E,1513,1513,A49E
uniA49F,1514,1514,A49F
uniA4A0,1515,1515,A4A0
uniA4A1,1516,1516,A4A1
uniA4A2,1517,1517,A4A2
uniA4A3,1518,1518,A4A3
uniA4A4,1519,1519,A4A4
uniA4A5,1520,1520,A4A5
uniA4A6,1521,1521,A4A6
uniA4A7,1522,1522,A4A7
uniA4A8,1523,1523,A4A8
uniA4A9,1524,1524,A4A9
uniA4AA,1525,1525,A4AA
uniA4AB,1526,1526,A4AB
uniA4AC,1527,1527,A4AC
uniA4AD,1528,1528,A4AD
uniA4AE,1529,1529,A4AE
uniA4AF,1530,1530,A4AF
uniA4B0,1531,1531,A4B0
uniA4B1,1532,1532,A4B1
uniA4B2,1533,1533,A4B2
uniA4B3,1534,1534,A4B3
uniA4B4,1535,1535,A4B4
uniA4B5,1536,1536,A4B5
uniA4B6,1537,1537,A4B6
uniA4B7,1538,1538,A4B7
uniA4B8,1539,1539,A4B8
uniA4B9,1540,1540,A4B9
uniA4BA,1541,1541,A4BA
uniA4BB,1542,1542,A4BB
uniA4BC,1543,1543,A4BC
uniA4BD,1544,1544,A4BD
uniA4BE,1545,1545,A4BE
uniA4BF,1546,1546,A4BF
uniA4C0,1547,1547,A4C0
uniA4C1,1548,1548,A4C1
uniA4C2,1549,1549,A4C2
uniA4C3,1550,1550,A4C3
uniA4C4,1551,1551,A4C4
uniA4C5,1552,1552,A4C5
uniA4C6,1553,1553,A4C6
uniF130,1554,31554,F130
uniF131,1555,31555,F131
uniFB01,1556,31556,FB01
uniFB02,1557,31557,FB02
uniFE00,1558,31558,FE00
uniFE01,1559,31559,FE01
uniFE02,1560,31560,FE02
uniFE03,1561,31561,FE03
uniFE04,1562,31562,FE04
uniFE05,1563,31563,FE05
uniFE06,1564,31564,FE06
uniFE07,1565,31565,FE07
uniFE08,1566,31566,FE08
uniFE09,1567,31567,FE09
uniFE0A,1568,31568,FE0A
uniFE0B,1569,31569,FE0B
uniFE0C,1570,31570,FE0C
uniFE0D,1571,31571,FE0D
uniFE0E,1572,31572,FE0E
uniFE0F,1573,31573,FE0F
uniFEFF,1574,31574,FEFF
uniFF01,1575,31575,FF01
uniFF02,1576,31576,FF02
uniFF08,1577,31577,FF08
uniFF09,1578,31578,FF09
uniFF0C,1579,31579,FF0C
uniFF0D,1580,31580,FF0D
uniFF0E,1581,31581,FF0E
uniFF0F,1582,31582,FF0F
uniFF1A,1583,31583,FF1A
uniFF1B,1584,31584,FF1B
uniFF1F,1585,31585,FF1F
uniFF3B,1586,31586,FF3B
uniFF3D,1587,31587,FF3D
uniFF5B,1588,31588,FF5B
uniFF5C,1589,31589,FF5C
uniFF5D,1590,31590,FF5D
uniFF5E,1591,31591,FF5E
uniFF61,1592,31592,FF61
uniFF62,1593,31593,FF62
uniFF63,1594,31594,FF63
uniFF64,1595,31595,FF64
uniFF65,1596,31596,FF65
uniFFFC,1597,31597,FFFC
uniFFFD,1598,31598,FFFD
CombAcute,1599,31599,
CombBreve,1600,31600,
CombCaron,1601,31601,
CombCedilla,1602,31602,
CombCircum,1603,31603,
CombDiaer,1604,31604,
CombGrave,1605,31605,
CombOgonek,1606,31606,
CombRingAbv,1607,31607,
CombTilde,1608,31608,
GrCapDelta,1609,31609,
GrCapOmega,1610,31610,
GrCapPi,1611,31611,
HyphenMinus,1612,31612,
LtnCapEsh,1613,31613,
_xtone,9000,9000,